<?xml version="1.0" encoding="UTF-8" ?>
<ti:module xmlns:ti="http://ti.appcelerator.org" xmlns:android="http://schemas.android.com/apk/res/android">
  <!--
		Similar to tiapp.xml, but contains module/platform specific
		configuration in <iphone>, <android>, and <mobileweb> sections
	-->
  <iphone>
  </iphone>
  <android xmlns:android="http://schemas.android.com/apk/res/android">



    <manifest>
      <application>
        <receiver android:name="ti.miga.sms.receive.IncomingSMS">
          <intent-filter>
            <action android:name="android.provider.Telephony.SMS_RECEIVED" />
          </intent-filter>
          <intent-filter>
            <action android:name="android.intent.action.DATA_SMS_RECEIVED" />
            <data android:port="8080" />
            <data android:scheme="sms" />
          </intent-filter>
        </receiver>


      </application>
      <uses-permission android:name="android.permission.RECEIVE_SMS"></uses-permission>
      <uses-permission android:name="android.permission.READ_SMS" />
      <uses-permission android:name="android.permission.SEND_SMS"></uses-permission>
    </manifest>
  </android>
  <mobileweb>
  </mobileweb>
</ti:module>
